subzip_id	n_files	n_dat_files	n_pdf_files	n_txt_files	n_readable_dat	n_bad_dat	total_size_bytes	lon_min	lon_max	lat_min	lat_max	depth_min	depth_max	depth_sign	contains_transit	cruise_id_guess	status	notes
20120501	1	1	0	0	1	0	23099538	137.902647	139.511167	41.207874	41.449159	1072.6	3737.2	positive	False	20120501	ok	
KH-18-J02C_bathymetry_dmo	4	0	4	0	0	0	1495028								False		ok	
KH-18-J03C_bathymetry_dmo	4	0	4	0	0	0	1465121								False		ok	
KH-20-J01_bathymetry_dmo	4	0	4	0	0	0	1069068								False		ok	
KM16-01_leg1_bathymetry	4	0	4	0	0	0	837440								False		ok	
KM16-01_leg2_bathymetry	4	0	4	0	0	0	847833								False		ok	
KM16-02_leg1_bathymetry	4	0	4	0	0	0	853959								False		ok	
KM16-02_leg2_bathymetry	4	0	4	0	0	0	846577								False		ok	
KM16-03_bathymetry	4	0	4	0	0	0	852468								False		ok	
KM16-04_bathymetry_dmo	4	0	4	0	0	0	1823009								False		ok	
KM16-05_leg1_bathymetry	4	0	4	0	0	0	846588								False		ok	
KM16-05_leg2_bathymetry_dmo	4	0	4	0	0	0	1716867								False		ok	
KM16-06_bathymetry_dmo	4	0	4	0	0	0	1490983								False		ok	
KM16-07_bathymetry_dmo	4	0	4	0	0	0	1861777								False		ok	
KM16-08_leg1_bathymetry_dmo	4	0	4	0	0	0	1908612								False		ok	
KM16-08_leg2_bathymetry_dmo	4	0	4	0	0	0	1902834								False		ok	
KM16-09_bathymetry_dmo	4	0	4	0	0	0	1840670								False		ok	
KM16-10_bathymetry_dmo	4	0	4	0	0	0	1991789								False		ok	
KM17-01_bathymetry_dmo	5	1	4	0	1	0	100995254	138.263275	144.329201	24.159872	34.736738	271.341	9847.757	positive	True	KM17-01	ok	
KM17-02_bathymetry_dmo	4	0	4	0	0	0	1858007								False		ok	
KM17-03_bathymetry_dmo	4	0	4	0	0	0	1647270								False		ok	
KM17-04_bathymetry_dmo	4	0	4	0	0	0	1947016								False		ok	
KM17-05_leg1_bathymetry_dmo	4	0	4	0	0	0	1590180								False		ok	
KM17-05_leg2_bathymetry_dmo	4	0	4	0	0	0	1639493								False		ok	
KM17-06C_bathymetry_dmo	4	0	4	0	0	0	1657568								False		ok	
KM17-07_leg1_bathymetry_dmo	4	0	4	0	0	0	1718254								False		ok	
KM17-07_leg2_bathymetry_dmo	4	0	4	0	0	0	1687311								False		ok	
KM17-08C_bathymetry_dmo	4	0	4	0	0	0	2016758								False		ok	
KM17-09_bathymetry_dmo	4	0	4	0	0	0	1840713								False		ok	
KM17-10C_bathymetry_dmo	4	0	4	0	0	0	2008871								False		ok	
KM17-11C_bathymetry_dmo	4	0	4	0	0	0	1998605								False		ok	
KM17-12C_bathymetry_dmo	4	0	4	0	0	0	1838072								False		ok	
KM17-13_bathymetry_dmo	4	0	4	0	0	0	1972414								False		ok	
KM17-14C_bathymetry_dmo	4	0	4	0	0	0	2050630								False		ok	
KM17-E01_bathymetry_dmo	4	0	4	0	0	0	1563287								False		ok	
KM18-01_bathymetry_dmo	4	0	4	0	0	0	2005705								False		ok	
KM18-02C_bathymetry_dmo	4	0	4	0	0	0	1550204								False		ok	
KM18-03_bathymetry_dmo	4	0	4	0	0	0	1863411								False		ok	
KM18-04C_bathymetry_dmo	4	0	4	0	0	0	1726107								False		ok	
KM18-05C_bathymetry_dmo	4	0	4	0	0	0	1706003								False		ok	
KM18-06_bathymetry_dmo	4	0	4	0	0	0	1479692								False		ok	
KM18-07C_leg1_bathymetry_dmo	4	0	4	0	0	0	2008059								False		ok	
KM18-07C_leg2_bathymetry_dmo	4	0	4	0	0	0	2007600								False		ok	
KM18-08C_bathymetry_dmo	4	0	4	0	0	0	1645552								False		ok	
KM18-09_bathymetry_dmo	4	0	4	0	0	0	1926808								False		ok	
KM18-10_leg1_bathymetry_dmo	4	0	4	0	0	0	1752775								False		ok	
KM18-10_leg2_bathymetry_dmo	4	0	4	0	0	0	2022986								False		ok	
KM19-01_bathymetry	4	0	4	0	0	0	2233497								False		ok	
KM19-02_bathymetry_dmo	4	0	4	0	0	0	1581629								False		ok	
KM19-03_bathymetry_dmo	4	0	4	0	0	0	1586472								False		ok	
KM19-05C_bathymetry_dmo	4	0	4	0	0	0	1553322								False		ok	
KM19-06_bathymetry	4	0	4	0	0	0	2250956								False		ok	
KM19-07_bathymetry_dmo	4	0	4	0	0	0	1855776								False		ok	
KM19-09_bathymetry_dmo	4	0	4	0	0	0	1893881								False		ok	
KM19-E01_bathymetry_dmo	4	0	4	0	0	0	1684393								False		ok	
KM19-MSB-E01C_bathymetry_dmo	4	0	4	0	0	0	1768220								False		ok	
KM20-01_bathymetry_dmo	4	0	4	0	0	0	1517253								False		ok	
KM20-02_leg1_bathymetry_dmo	4	0	4	0	0	0	2003779								False		ok	
KM20-02_leg2_bathymetry_dmo	4	0	4	0	0	0	1792769								False		ok	
KM20-02_leg3_bathymetry_dmo	4	0	4	0	0	0	1463781								False		ok	
KM20-05_bathymetry_dmo	4	0	4	0	0	0	1899351								False		ok	
KM20-08_bathymetry_dmo	4	0	4	0	0	0	1789602								False		ok	
KM20-09_bathymetry_dmo	4	0	4	0	0	0	1843340								False		ok	
KM20-10C_leg1_bathymetry_dmo	4	0	4	0	0	0	1025350								False		ok	
KM20-11_bathymetry_dmo	4	0	4	0	0	0	988839								False		ok	
KM20-E01C_bathymetry_dmo	4	0	4	0	0	0	1996505								False		ok	
KM20-E02_bathymetry_dmo	4	0	4	0	0	0	1811157								False		ok	
KM21-01_bathymetry_dmo	4	0	4	0	0	0	1030859								False		ok	
KM21-04_bathymetry_dmo	4	0	4	0	0	0	1014853								False		ok	
KM21-05_bathymetry_dmo	4	0	4	0	0	0	1033569								False		ok	
KM21-07_leg1_bathymetry_dmo	4	0	4	0	0	0	1039238								False		ok	
KM21-07_leg2_bathymetry_dmo	4	0	4	0	0	0	1038440								False		ok	
KM21-11_bathymetry_dmo	4	0	4	0	0	0	1052103								False		ok	
KM21-12_bathymetry_dmo	4	0	4	0	0	0	1057812								False		ok	
KM21-13C_bathymetry_dmo	4	0	4	0	0	0	1050979								False		ok	
KM21-E01_bathymetry_dmo	4	0	4	0	0	0	1746905								False		ok	
KM21-E03_bathymetry_dmo	4	0	4	0	0	0	1458927								False		ok	
KM21-E04C_leg1_bathymetry_dmo	4	0	4	0	0	0	974525								False		ok	
KM22-01_bathymetry_dmo	4	0	4	0	0	0	1036431								False		ok	
KM22-02_bathymetry_dmo	4	0	4	0	0	0	1053852								False		ok	
KM22-05_bathymetry_dmo	4	0	4	0	0	0	1009288								False		ok	
KM22-06_bathymetry_dmo	4	0	4	0	0	0	1025928								False		ok	
KM22-07_bathymetry_dmo	4	0	4	0	0	0	1020265								False		ok	
KM22-10_bathymetry_dmo	4	0	4	0	0	0	1392360								False		ok	
KR01-07_bathymetry_dmo	8	4	4	0	4	0	31253991	134.306394	135.245388	32.169336	33.468148	286.97	4931.7	positive	False	KR01-07	ok	
KR01-11_bathymetry_dmo	4	0	4	0	0	0	1588212								False		ok	
KR01-12_leg2_bathymetry_dmo	4	0	4	0	0	0	1738358								False		ok	
KR01-15_bathymetry_dmo	4	0	4	0	0	0	1828901								False		ok	
KR02-01_bathymetry_dmo	4	0	4	0	0	0	2013032								False		ok	
KR02-03_bathymetry_dmo	4	0	4	0	0	0	1977577								False		ok	
KR02-06_bathymetry_dmo	4	0	4	0	0	0	2028458								False		ok	
KR02-07_leg1_bathymetry_dmo	4	0	4	0	0	0	1480458								False		ok	
KR02-07_leg2_bathymetry_dmo	4	0	4	0	0	0	1390270								False		ok	
KR02-08_leg1_bathymetry_dmo	4	0	4	0	0	0	1442016								False		ok	
KR02-08_leg2_bathymetry_dmo	4	0	4	0	0	0	1764547								False		ok	
KR02-09_bathymetry_dmo	4	0	4	0	0	0	1844577								False		ok	
KR02-10_bathymetry_dmo	4	0	4	0	0	0	1973989								False		ok	
KR02-12_bathymetry_dmo	4	0	4	0	0	0	2035634								False		ok	
KR02-13_bathymetry_dmo	4	0	4	0	0	0	1843719								False		ok	
KR02-14_bathymetry_dmo	4	0	4	0	0	0	2012129								False		ok	
KR02-15_bathymetry_dmo	4	0	4	0	0	0	1836900								False		ok	
KR02-16_bathymetry_dmo	4	0	4	0	0	0	1831153								False		ok	
KR03-01_bathymetry_dmo	4	0	4	0	0	0	2054425								False		ok	
KR03-04_leg1_bathymetry_dmo	4	0	4	0	0	0	2025556								False		ok	
KR03-04_leg2_bathymetry_dmo	4	0	4	0	0	0	1991105								False		ok	
KR03-05_leg1_bathymetry_dmo	4	0	4	0	0	0	1837492								False		ok	
KR03-05_leg2_bathymetry_dmo	4	0	4	0	0	0	1954201								False		ok	
KR03-07_bathymetry_dmo	4	0	4	0	0	0	1625570								False		ok	
KR03-08_bathymetry_dmo	4	0	4	0	0	0	1853358								False		ok	
KR03-10_bathymetry_dmo	4	0	4	0	0	0	1644370								False		ok	
KR03-12_bathymetry_dmo	4	0	4	0	0	0	2008289								False		ok	
KR03-13_bathymetry_dmo	4	0	4	0	0	0	2018965								False		ok	
KR04-01_bathymetry_dmo	4	0	4	0	0	0	1943634								False		ok	
KR04-04_bathymetry_dmo	4	0	4	0	0	0	1866875								False		ok	
KR04-05_bathymetry_dmo	4	0	4	0	0	0	1941410								False		ok	
KR04-07_bathymetry_dmo	4	0	4	0	0	0	1733599								False		ok	
KR04-08_bathymetry_dmo	4	0	4	0	0	0	1824074								False		ok	
KR04-09_bathymetry_dmo	4	0	4	0	0	0	1840773								False		ok	
KR04-10_leg2_bathymetry_dmo	4	0	4	0	0	0	1824679								False		ok	
KR04-11_bathymetry_dmo	4	0	4	0	0	0	1811006								False		ok	
KR04-12_bathymetry_dmo	4	0	4	0	0	0	1642428								False		ok	
KR04-13_leg2_bathymetry_dmo	4	0	4	0	0	0	1871331								False		ok	
KR04-14_leg1_bathymetry_dmo	4	0	4	0	0	0	1992456								False		ok	
KR04-14_leg2_bathymetry_dmo	4	0	4	0	0	0	1990020								False		ok	
KR04-15_bathymetry_dmo	4	0	4	0	0	0	1931595								False		ok	
KR05-01_bathymetry_dmo	4	0	4	0	0	0	2099578								False		ok	
KR05-03_leg1_bathymetry_dmo	4	0	4	0	0	0	1948400								False		ok	
KR05-03_leg2_bathymetry_dmo	4	0	4	0	0	0	1945944								False		ok	
KR05-04_bathymetry_dmo	4	0	4	0	0	0	1782916								False		ok	
KR05-05_bathymetry_dmo	4	0	4	0	0	0	1607205								False		ok	
KR05-06_bathymetry_dmo	4	0	4	0	0	0	2052679								False		ok	
KR05-07_bathymetry_dmo	4	0	4	0	0	0	1453657								False		ok	
KR05-08_bathymetry_dmo	4	0	4	0	0	0	1779538								False		ok	
KR05-09_bathymetry_dmo	4	0	4	0	0	0	1773094								False		ok	
KR05-10_bathymetry_dmo	4	0	4	0	0	0	1853942								False		ok	
KR05-11_bathymetry_dmo	4	0	4	0	0	0	1818471								False		ok	
KR05-13_bathymetry_dmo	4	0	4	0	0	0	1967454								False		ok	
KR05-14_bathymetry_dmo	4	0	4	0	0	0	2058318								False		ok	
KR05-15_bathymetry_dmo	4	0	4	0	0	0	2003816								False		ok	
KR05-16_bathymetry_dmo	4	0	4	0	0	0	2039214								False		ok	
KR05-17_bathymetry_dmo	4	0	4	0	0	0	2025800								False		ok	
KR06-01_bathymetry_dmo	4	0	4	0	0	0	1996656								False		ok	
KR06-03_bathymetry_dmo	4	0	4	0	0	0	1836304								False		ok	
KR06-05_bathymetry_dmo	4	0	4	0	0	0	1865499								False		ok	
KR06-06_bathymetry_dmo	4	0	4	0	0	0	1601871								False		ok	
KR06-07_bathymetry_dmo	4	0	4	0	0	0	1898080								False		ok	
KR06-09_bathymetry_dmo	4	0	4	0	0	0	1659821								False		ok	
KR06-12_bathymetry_dmo	4	0	4	0	0	0	2009637								False		ok	
KR06-13_bathymetry_dmo	4	0	4	0	0	0	2034135								False		ok	
KR06-14_bathymetry_dmo	4	0	4	0	0	0	2075625								False		ok	
KR06-15_leg1_bathymetry_dmo	4	0	4	0	0	0	2038426								False		ok	
KR06-16_bathymetry_dmo	4	0	4	0	0	0	2065830								False		ok	
KR07-03_bathymetry_dmo	4	0	4	0	0	0	1882714								False		ok	
KR07-05_bathymetry_dmo	4	0	4	0	0	0	1721096								False		ok	
KR07-06_bathymetry_dmo	4	0	4	0	0	0	1837934								False		ok	
KR07-07_bathymetry_dmo	4	0	4	0	0	0	1693958								False		ok	
KR07-08_bathymetry_dmo	4	0	4	0	0	0	1816802								False		ok	
KR07-09_bathymetry_dmo	4	0	4	0	0	0	1909407								False		ok	
KR07-12_bathymetry_dmo	4	0	4	0	0	0	2053283								False		ok	
KR07-13_bathymetry_dmo	4	0	4	0	0	0	1887487								False		ok	
KR07-14_bathymetry_dmo	4	0	4	0	0	0	1676799								False		ok	
KR07-15_bathymetry_dmo	4	0	4	0	0	0	1534115								False		ok	
KR08-02_bathymetry_dmo	4	0	4	0	0	0	1962827								False		ok	
KR08-03_leg2_bathymetry_dmo	4	0	4	0	0	0	1891102								False		ok	
KR08-04_bathymetry_dmo	4	0	4	0	0	0	1886529								False		ok	
KR08-05_leg1_bathymetry_dmo	4	0	4	0	0	0	2022302								False		ok	
KR08-07_bathymetry_dmo	4	0	4	0	0	0	1480828								False		ok	
KR08-09_bathymetry_dmo	4	0	4	0	0	0	1857461								False		ok	
KR08-10_bathymetry_dmo	4	0	4	0	0	0	1723252								False		ok	
KR08-11_bathymetry_dmo	4	0	4	0	0	0	1908382								False		ok	
KR08-12_bathymetry_dmo	4	0	4	0	0	0	1704005								False		ok	
KR08-15_bathymetry_dmo	4	0	4	0	0	0	2070714								False		ok	
KR08-16_bathymetry_dmo	4	0	4	0	0	0	1872716								False		ok	
KR08-E03_bathymetry_dmo	4	0	4	0	0	0	1786252								False		ok	
KR09-01_bathymetry_dmo	4	0	4	0	0	0	1856686								False		ok	
KR09-02_bathymetry_dmo	4	0	4	0	0	0	1931356								False		ok	
KR09-03_leg2_bathymetry_dmo	6	2	4	0	2	0	6286772	139.171278	139.274473	34.935263	35.039879	245.71	1456.0	positive	False	KR09-03	ok	
KR09-04_bathymetry_dmo	4	0	4	0	0	0	1838743								False		ok	
KR09-05_bathymetry_dmo	4	0	4	0	0	0	2055178								False		ok	
KR09-06_bathymetry_dmo	4	0	4	0	0	0	1864180								False		ok	
KR09-07_bathymetry_dmo	4	0	4	0	0	0	1866430								False		ok	
KR09-08_bathymetry_dmo	11	7	4	0	7	0	178806561	136.060482	136.935377	32.883843	33.913111	1201.3	4739.5	positive	False	KR09-08	ok	
KR09-09_leg1_bathymetry_dmo	4	0	4	0	0	0	2034259								False		ok	
KR09-10_bathymetry_dmo	4	0	4	0	0	0	1782731								False		ok	
KR09-11_bathymetry_dmo	4	0	4	0	0	0	1916879								False		ok	
KR09-12_leg1_bathymetry_dmo	4	0	4	0	0	0	1882972								False		ok	
KR09-12_leg2_bathymetry_dmo	4	0	4	0	0	0	1963746								False		ok	
KR09-14_bathymetry_dmo	4	0	4	0	0	0	1862632								False		ok	
KR09-15_bathymetry_dmo	4	0	4	0	0	0	1943170								False		ok	
KR09-16_bathymetry_dmo	4	0	4	0	0	0	1706614								False		ok	
KR09-17_bathymetry_dmo	4	0	4	0	0	0	1685081								False		ok	
KR09-E02_bathymetry_dmo	4	0	4	0	0	0	1812092								False		ok	
KR10-01_bathymetry_dmo	4	0	4	0	0	0	1699206								False		ok	
KR10-02_bathymetry_dmo	4	0	4	0	0	0	1965921								False		ok	
KR10-03_bathymetry_dmo	4	0	4	0	0	0	1968609								False		ok	
KR10-05_bathymetry_dmo	4	0	4	0	0	0	2099230								False		ok	
KR10-06_leg1_bathymetry_dmo	4	0	4	0	0	0	1850573								False		ok	
KR10-06_leg2_bathymetry_dmo	4	0	4	0	0	0	1824484								False		ok	
KR10-07_bathymetry_dmo	4	0	4	0	0	0	1841645								False		ok	
KR10-08_bathymetry_dmo	4	0	4	0	0	0	1511093								False		ok	
KR10-09_bathymetry_dmo	4	0	4	0	0	0	1863935								False		ok	
KR10-10_leg1_bathymetry_dmo	4	0	4	0	0	0	1906688								False		ok	
KR10-10_leg2_bathymetry_dmo	4	0	4	0	0	0	1920664								False		ok	
KR10-11_bathymetry_dmo	4	0	4	0	0	0	1908445								False		ok	
KR10-12_bathymetry_dmo	4	0	4	0	0	0	1710797								False		ok	
KR10-13_bathymetry_dmo	4	0	4	0	0	0	1860957								False		ok	
KR10-E01_bathymetry_dmo	4	0	4	0	0	0	1892510								False		ok	
KR10-E03_bathymetry_dmo	4	0	4	0	0	0	1774399								False		ok	
KR10-E04_bathymetry_dmo	8	4	4	0	4	0	76630519	139.792618	144.396552	34.780451	39.180866	102.78	8124.7	positive	True	KR10-E04	ok	
KR11-01_bathymetry_dmo	4	0	4	0	0	0	1686334								False		ok	
KR11-02_bathymetry_dmo	4	0	4	0	0	0	1829783								False		ok	
KR11-03_bathymetry_dmo	4	0	4	0	0	0	2064927								False		ok	
KR11-04_leg1_bathymetry_dmo	4	0	4	0	0	0	1401758								False		ok	
KR11-04_leg2_bathymetry_dmo	4	0	4	0	0	0	1937179								False		ok	
KR11-05_leg1_bathymetry_dmo	4	0	4	0	0	0	1827879								False		ok	
KR11-05_leg2_bathymetry_dmo	4	0	4	0	0	0	1715832								False		ok	
KR11-06_bathymetry_dmo	4	0	4	0	0	0	1864934								False		ok	
KR11-07_bathymetry_dmo	4	0	4	0	0	0	1852977								False		ok	
KR11-08_bathymetry_dmo	4	0	4	0	0	0	1901545								False		ok	
KR11-09_bathymetry_dmo	4	0	4	0	0	0	1907593								False		ok	
KR11-10_bathymetry_dmo	4	0	4	0	0	0	1859926								False		ok	
KR11-11_bathymetry_dmo	4	0	4	0	0	0	1706770								False		ok	
KR11-12_bathymetry_dmo	4	0	4	0	0	0	1846610								False		ok	
KR11-E01_leg1_bathymetry_dmo	4	0	4	0	0	0	1389833								False		ok	
KR11-E01_leg2_bathymetry_dmo	4	0	4	0	0	0	1761566								False		ok	
KR11-E03_bathymetry_dmo	4	0	4	0	0	0	1721867								False		ok	
KR11-E04_bathymetry_dmo	4	0	4	0	0	0	1622026								False		ok	
KR11-E05_bathymetry_dmo	4	0	4	0	0	0	1851038								False		ok	
KR12-01_bathymetry_dmo	4	0	4	0	0	0	1964624								False		ok	
KR12-02_bathymetry_dmo	4	0	4	0	0	0	1826725								False		ok	
KR12-03_bathymetry_dmo	4	0	4	0	0	0	1974026								False		ok	
KR12-04_bathymetry_dmo	4	0	4	0	0	0	1609114								False		ok	
KR12-05_bathymetry_dmo	4	0	4	0	0	0	1486251								False		ok	
KR12-06_bathymetry_dmo	4	0	4	0	0	0	1579310								False		ok	
KR12-07_bathymetry_dmo	4	0	4	0	0	0	1630287								False		ok	
KR12-08_bathymetry_dmo	4	0	4	0	0	0	1769391								False		ok	
KR12-09_bathymetry	4	0	4	0	0	0	1836230								False		ok	
KR12-11_bathymetry_dmo	4	0	4	0	0	0	1804689								False		ok	
KR12-12_leg2_bathymetry_dmo	4	0	4	0	0	0	1996489								False		ok	
KR12-13_bathymetry_dmo	8	4	4	0	4	0	77502100	139.212794	141.622303	33.552371	36.853116	118.79	8239.2	positive	True	KR12-13	ok	
KR12-14_bathymetry_dmo	4	0	4	0	0	0	1878819								False		ok	
KR12-15_bathymetry_dmo	4	0	4	0	0	0	1455001								False		ok	
KR12-16_bathymetry_dmo	4	0	4	0	0	0	1714782								False		ok	
KR12-17_bathymetry_dmo	4	0	4	0	0	0	1853878								False		ok	
KR12-18_bathymetry_dmo	4	0	4	0	0	0	2052180								False		ok	
KR12-19_bathymetry_dmo	4	0	4	0	0	0	1718357								False		ok	
KR12-20_bathymetry_dmo	4	0	4	0	0	0	1760366								False		ok	
KR13-01_bathymetry_dmo	4	0	4	0	0	0	1719813								False		ok	
KR13-02_bathymetry_dmo	4	0	4	0	0	0	2000836								False		ok	
KR13-03_bathymetry_dmo	4	0	4	0	0	0	1899825								False		ok	
KR13-04_bathymetry_dmo	4	0	4	0	0	0	1761333								False		ok	
KR13-05_bathymetry_dmo	4	0	4	0	0	0	1606835								False		ok	
KR13-06_leg1_bathymetry_dmo	4	0	4	0	0	0	1729660								False		ok	
KR13-06_leg2_bathymetry_dmo	4	0	4	0	0	0	1690637								False		ok	
KR13-07_bathymetry_dmo	4	0	4	0	0	0	1841700								False		ok	
KR13-08_bathymetry_dmo	4	0	4	0	0	0	1764758								False		ok	
KR13-09_bathymetry_dmo	4	0	4	0	0	0	1860872								False		ok	
KR13-10_bathymetry	4	0	4	0	0	0	2219088								False		ok	
KR13-11_bathymetry_dmo	4	0	4	0	0	0	1701076								False		ok	
KR13-12_bathymetry_dmo	4	0	4	0	0	0	1726142								False		ok	
KR13-13_bathymetry_dmo	4	0	4	0	0	0	1500307								False		ok	
KR13-14_bathymetry_dmo	4	0	4	0	0	0	1962822								False		ok	
KR13-15_bathymetry_dmo	6	2	4	0	2	0	44828874	129.076633	134.879623	25.713148	33.754628	80.075	9045.323	positive	True	KR13-15	ok	
KR13-16_bathymetry_dmo	4	0	4	0	0	0	1881317								False		ok	
KR13-17_bathymetry_dmo	4	0	4	0	0	0	1883360								False		ok	
KR13-18_bathymetry_dmo	4	0	4	0	0	0	2055916								False		ok	
KR13-19_bathymetry_dmo	4	0	4	0	0	0	1842172								False		ok	
KR14-01_bathymetry_dmo	6	2	4	0	2	0	24058150	139.637709	142.674433	10.192498	34.845184	204.717	11051.988	positive	True	KR14-01	ok	
KR14-02_bathymetry_dmo	4	0	4	0	0	0	2027170								False		ok	
KR14-03_bathymetry_dmo	4	0	4	0	0	0	1708449								False		ok	
KR14-04_bathymetry	4	0	4	0	0	0	2227790								False		ok	
KR14-05_bathymetry_dmo	4	0	4	0	0	0	1889112								False		ok	
KR14-06_bathymetry_dmo	4	0	4	0	0	0	2015149								False		ok	
KR14-07_bathymetry_dmo	4	0	4	0	0	0	1893653								False		ok	
KR14-08_bathymetry_dmo	4	0	4	0	0	0	2068868								False		ok	
KR14-09_bathymetry_dmo	4	0	4	0	0	0	1457089								False		ok	
KR14-10_bathymetry_dmo	4	0	4	0	0	0	1532241								False		ok	
KR14-E02_bathymetry_dmo	4	0	4	0	0	0	1679632								False		ok	
KR14-E03_bathymetry_dmo	4	0	4	0	0	0	1712655								False		ok	
KR14-E04_bathymetry_dmo	4	0	4	0	0	0	1917286								False		ok	
KR14-E05_bathymetry_dmo	4	0	4	0	0	0	1997371								False		ok	
KR15-01_bathymetry_dmo	4	0	4	0	0	0	1879280								False		ok	
KR15-03_bathymetry_dmo	4	0	4	0	0	0	2080345								False		ok	
KR15-04_bathymetry_dmo	4	0	4	0	0	0	1898865								False		ok	
KR15-05_bathymetry	4	0	4	0	0	0	2242811								False		ok	
KR15-06_bathymetry_dmo	4	0	4	0	0	0	1885258								False		ok	
KR15-07_bathymetry	4	0	4	0	0	0	2165918								False		ok	
KR15-08_bathymetry_dmo	4	0	4	0	0	0	1954773								False		ok	
KR15-09_bathymetry_dmo	4	0	4	0	0	0	1829194								False		ok	
KR15-10_bathymetry_dmo	4	0	4	0	0	0	1933214								False		ok	
KR15-11_leg2_bathymetry_dmo	4	0	4	0	0	0	1748631								False		ok	
KR15-11_leg3_bathymetry_dmo	4	0	4	0	0	0	1936542								False		ok	
KR15-11_leg4_bathymetry_dmo	4	0	4	0	0	0	1956967								False		ok	
KR15-13_bathymetry_dmo	4	0	4	0	0	0	1502899								False		ok	
KR15-14_bathymetry_dmo	4	0	4	0	0	0	1844215								False		ok	
KR15-15_bathymetry_dmo	4	0	4	0	0	0	1775356								False		ok	
KR15-16_bathymetry_dmo	4	0	4	0	0	0	1858248								False		ok	
KR15-17_bathymetry_dmo	4	0	4	0	0	0	1460856								False		ok	
KR15-18_bathymetry_dmo	4	0	4	0	0	0	1865677								False		ok	
KR15-19_bathymetry_dmo	4	0	4	0	0	0	1987659								False		ok	
KR15-20_bathymetry_dmo	4	0	4	0	0	0	1850990								False		ok	
KR15-21_bathymetry_dmo	4	0	4	0	0	0	1969538								False		ok	
KR15-E01_bathymetry_dmo	4	0	4	0	0	0	1899662								False		ok	
KR15-E02_bathymetry_dmo	4	0	4	0	0	0	1769522								False		ok	
KR16-01_leg1_bathymetry_dmo	6	2	4	0	2	0	88050771	139.846806	154.021923	22.255127	34.316058	313.326	10945.409	positive	True	KR16-01	ok	
KR16-01_leg2_bathymetry_dmo	4	0	4	0	0	0	2036468								False		ok	
KR16-03_bathymetry_dmo	4	0	4	0	0	0	1994618								False		ok	
KR16-04_bathymetry_dmo	4	0	4	0	0	0	2096675								False		ok	
KR16-05_leg1_bathymetry_dmo	4	0	4	0	0	0	1667138								False		ok	
KR16-05_leg2_bathymetry_dmo	4	0	4	0	0	0	1682191								False		ok	
KR16-05_leg3_bathymetry_dmo	4	0	4	0	0	0	2012622								False		ok	
KR16-07_bathymetry_dmo	4	0	4	0	0	0	1940544								False		ok	
KR16-08_bathymetry_dmo	4	0	4	0	0	0	1907166								False		ok	
KR16-10_bathymetry_dmo	6	2	4	0	2	0	24847525	131.368137	134.834229	30.112305	33.541988	236.596	5316.878	positive	True	KR16-10	ok	
KR16-11_bathymetry_dmo	4	0	4	0	0	0	1970299								False		ok	
KR16-12_bathymetry_dmo	4	0	4	0	0	0	1847310								False		ok	
KR16-13_bathymetry_dmo	4	0	4	0	0	0	2028043								False		ok	
KR16-15_bathymetry_dmo	4	0	4	0	0	0	1777910								False		ok	
KR16-16_bathymetry_dmo	4	0	4	0	0	0	1728289								False		ok	
KR16-17_bathymetry_dmo	4	0	4	0	0	0	1705617								False		ok	
KR16-18_bathymetry_dmo	4	0	4	0	0	0	1817084								False		ok	
KR16-E01_bathymetry_dmo	4	0	4	0	0	0	1631586								False		ok	
KR16-E03_bathymetry_dmo	4	0	4	0	0	0	1899555								False		ok	
KR16-E04_bathymetry_dmo	4	0	4	0	0	0	1535343								False		ok	
KR16-E06_bathymetry_dmo	4	0	4	0	0	0	1862228								False		ok	
KR17-02_bathymetry_dmo	4	0	4	0	0	0	1850818								False		ok	
KR17-04_leg1_bathymetry_dmo	4	0	4	0	0	0	1703596								False		ok	
KR17-04_leg2_bathymetry_dmo	4	0	4	0	0	0	1693866								False		ok	
KR17-05C_bathymetry_dmo	4	0	4	0	0	0	1598857								False		ok	
KR17-06_bathymetry_dmo	4	0	4	0	0	0	1671029								False		ok	
KR17-07C_bathymetry_dmo	4	0	4	0	0	0	1858077								False		ok	
KR17-08C_bathymetry_dmo	4	0	4	0	0	0	2074042								False		ok	
KR17-09_bathymetry_dmo	4	0	4	0	0	0	1832979								False		ok	
KR17-10_bathymetry_dmo	4	0	4	0	0	0	1871025								False		ok	
KR17-11_leg1_bathymetry_dmo	4	0	4	0	0	0	1954499								False		ok	
KR17-11_leg2_bathymetry_dmo	4	0	4	0	0	0	1358473								False		ok	
KR17-12_bathymetry_dmo	4	0	4	0	0	0	1345312								False		ok	
KR17-13_bathymetry_dmo	4	0	4	0	0	0	1603441								False		ok	
KR17-14_leg1_bathymetry_dmo	4	0	4	0	0	0	1622078								False		ok	
KR17-14_leg2_bathymetry_dmo	4	0	4	0	0	0	1627563								False		ok	
KR17-15C_leg1_bathymetry_dmo	4	0	4	0	0	0	1444373								False		ok	
KR17-15C_leg2_bathymetry_dmo	4	0	4	0	0	0	1686260								False		ok	
KR17-15C_leg3_bathymetry_dmo	4	0	4	0	0	0	1696053								False		ok	
KR18-02C_bathymetry_dmo	4	0	4	0	0	0	2004362								False		ok	
KR18-03C_bathymetry_dmo	4	0	4	0	0	0	1665369								False		ok	
KR18-04_bathymetry_dmo	4	0	4	0	0	0	1992311								False		ok	
KR18-05_bathymetry_dmo	4	0	4	0	0	0	1830363								False		ok	
KR18-06C_bathymetry_dmo	4	0	4	0	0	0	1838301								False		ok	
KR18-07_bathymetry_dmo	4	0	4	0	0	0	1907639								False		ok	
KR18-08_bathymetry_dmo	4	0	4	0	0	0	1963684								False		ok	
KR18-09_bathymetry_dmo	4	0	4	0	0	0	1516291								False		ok	
KR18-10_bathymetry_dmo	4	0	4	0	0	0	1320619								False		ok	
KR18-11C_bathymetry_dmo	4	0	4	0	0	0	1569114								False		ok	
KR18-12C_bathymetry_dmo	4	0	4	0	0	0	1866487								False		ok	
KR18-13_bathymetry	4	0	4	0	0	0	2200127								False		ok	
KR18-14_leg1_bathymetry	4	0	4	0	0	0	2410369								False		ok	
KR18-14_leg2_bathymetry	4	0	4	0	0	0	2303281								False		ok	
KR18-15_bathymetry	4	0	4	0	0	0	2251724								False		ok	
KR19-01_bathymetry_dmo	4	0	4	0	0	0	1901507								False		ok	
KR19-02C_bathymetry_dmo	4	0	4	0	0	0	2008484								False		ok	
KR19-03_bathymetry_dmo	4	0	4	0	0	0	923823								False		ok	
KR19-04_bathymetry_dmo	4	0	4	0	0	0	1940634								False		ok	
KR19-05_bathymetry_dmo	4	0	4	0	0	0	1872034								False		ok	
KR19-06C_bathymetry_dmo	4	0	4	0	0	0	1826169								False		ok	
KR19-07_bathymetry_dmo	4	0	4	0	0	0	1809144								False		ok	
KR19-08_bathymetry_dmo	4	0	4	0	0	0	1947192								False		ok	
KR19-09_bathymetry_dmo	4	0	4	0	0	0	1587318								False		ok	
KR19-10C_bathymetry_dmo	4	0	4	0	0	0	1869503								False		ok	
KR19-11_bathymetry_dmo	4	0	4	0	0	0	1797054								False		ok	
KR19-E03_leg1_bathymetry_dmo	4	0	4	0	0	0	1737222								False		ok	
KR19-E03_leg2_bathymetry_dmo	4	0	4	0	0	0	1912593								False		ok	
KR20-03_leg1_bathymetry_dmo	4	0	4	0	0	0	1943146								False		ok	
KR20-03_leg2_bathymetry_dmo	4	0	4	0	0	0	1870163								False		ok	
KR20-07_bathymetry_dmo	4	0	4	0	0	0	1940333								False		ok	
KR20-09_bathymetry_dmo	4	0	4	0	0	0	1882807								False		ok	
KR20-10_bathymetry_dmo	4	0	4	0	0	0	1924586								False		ok	
KR20-11_bathymetry_dmo	4	0	4	0	0	0	941809								False		ok	
KR20-12_bathymetry_dmo	4	0	4	0	0	0	1995866								False		ok	
KR20-13S_bathymetry_dmo	4	0	4	0	0	0	1014165								False		ok	
KR20-E07_bathymetry_dmo	4	0	4	0	0	0	853481								False		ok	
KR21-02C_bathymetry_dmo	4	0	4	0	0	0	884595								False		ok	
KR21-06_leg1_bathymetry_dmo	4	0	4	0	0	0	1038056								False		ok	
KR21-08_bathymetry_dmo	4	0	4	0	0	0	878623								False		ok	
KR21-09_bathymetry_dmo	4	0	4	0	0	0	884510								False		ok	
KR21-11_bathymetry_dmo	4	0	4	0	0	0	838040								False		ok	
KR21-12C_bathymetry_dmo	4	0	4	0	0	0	998437								False		ok	
KR21-13_bathymetry_dmo	4	0	4	0	0	0	1156576								False		ok	
KR21-15C_bathymetry_dmo	4	0	4	0	0	0	1022832								False		ok	
KR21-16_bathymetry_dmo	4	0	4	0	0	0	960091								False		ok	
KR21-17C_bathymetry_dmo	4	0	4	0	0	0	885880								False		ok	
KR21-18C_bathymetry_dmo	4	0	4	0	0	0	862672								False		ok	
KR21-20_bathymetry_dmo	4	0	4	0	0	0	1038602								False		ok	
KR21-E04_bathymetry_dmo	4	0	4	0	0	0	857505								False		ok	
KS-16-E01_bathymetry	4	0	4	0	0	0	1406001								False		ok	
KS-16-J05_bathymetry_dmo	4	0	4	0	0	0	999633								False		ok	
KS-17-J04_bathymetry	4	0	4	0	0	0	1420840								False		ok	
KS-17-J05_bathymetry	4	0	4	0	0	0	1361264								False		ok	
KS-17-J07C_bathymetry_dmo	4	0	4	0	0	0	919542								False		ok	
KS-17-J08C_bathymetry_dmo	4	0	4	0	0	0	1034039								False		ok	
KS-17-J09C_bathymetry_dmo	4	0	4	0	0	0	932070								False		ok	
KS-18-J04_bathymetry_dmo	4	0	4	0	0	0	924890								False		ok	
KS-18-J08_bathymetry_dmo	4	0	4	0	0	0	923941								False		ok	
KS-19-10_bathymetry_dmo	4	0	4	0	0	0	915688								False		ok	
KS-19-11_bathymetry_dmo	4	0	4	0	0	0	931922								False		ok	
KS-19-12_bathymetry_dmo	4	0	4	0	0	0	915355								False		ok	
KS-19-13_bathymetry_dmo	4	0	4	0	0	0	907239								False		ok	
KS-19-14_bathymetry_dmo	4	0	4	0	0	0	904969								False		ok	
KS-19-16_bathymetry_dmo	4	0	4	0	0	0	926157								False		ok	
KS-19-17_bathymetry	4	0	4	0	0	0	1372120								False		ok	
KS-19-5_bathymetry_dmo	4	0	4	0	0	0	903178								False		ok	
KS-19-8_bathymetry_dmo	4	0	4	0	0	0	951147								False		ok	
KS-19-J01_bathymetry_dmo	4	0	4	0	0	0	959438								False		ok	
KS-19-J04_bathymetry_dmo	5	1	4	0	1	0	8018509	139.581407	141.513017	34.328993	34.759438	510.924	7251.861	positive	True	KS-19-J04	ok	
KS-19-J05_bathymetry_dmo	4	0	4	0	0	0	925476								False		ok	
KS-20-11_bathymetry_dmo	4	0	4	0	0	0	1020453								False		ok	
KS-20-14_bathymetry_dmo	4	0	4	0	0	0	924300								False		ok	
KS-20-16_bathymetry_dmo	4	0	4	0	0	0	910159								False		ok	
KS-20-17_bathymetry_dmo	5	1	4	0	1	0	3124587	140.640453	142.044852	35.342095	36.103576	50.117	3459.221	positive	True	KS-20-17	ok	
KS-20-18_bathymetry_dmo	4	0	4	0	0	0	923255								False		ok	
KS-20-1_bathymetry_dmo	4	0	4	0	0	0	921106								False		ok	
KS-20-2_bathymetry_dmo	4	0	4	0	0	0	933291								False		ok	
KS-20-E01C_bathymetry_dmo	4	0	4	0	0	0	928293								False		ok	
KS-20-J02_bathymetry_dmo	4	0	4	0	0	0	918870								False		ok	
KS-20-J03_bathymetry_dmo	4	0	4	0	0	0	917060								False		ok	
KS-20-J06_bathymetry_dmo	4	0	4	0	0	0	1024660								False		ok	
KS-20-J07_leg1_bathymetry_dmo	4	0	4	0	0	0	983159								False		ok	
KS-21-10_bathymetry_dmo	4	0	4	0	0	0	1032978								False		ok	
KS-21-11_bathymetry_dmo	4	0	4	0	0	0	1007878								False		ok	
KS-21-12_bathymetry_dmo	4	0	4	0	0	0	995801								False		ok	
KS-21-13_bathymetry_dmo	4	0	4	0	0	0	1030470								False		ok	
KS-21-14_bathymetry_dmo	4	0	4	0	0	0	1002949								False		ok	
KS-21-15_bathymetry_dmo	4	0	4	0	0	0	1032274								False		ok	
KS-21-18_bathymetry_dmo	4	0	4	0	0	0	1022769								False		ok	
KS-21-19_bathymetry_dmo	4	0	4	0	0	0	896517								False		ok	
KS-21-1_bathymetry_dmo	4	0	4	0	0	0	894472								False		ok	
KS-21-27_bathymetry_dmo	4	0	4	0	0	0	1026796								False		ok	
KS-21-2_bathymetry_dmo	4	0	4	0	0	0	993639								False		ok	
KS-21-4_bathymetry_dmo	4	0	4	0	0	0	1016915								False		ok	
KS-21-5_bathymetry_dmo	4	0	4	0	0	0	1001932								False		ok	
KS-21-6_bathymetry_dmo	4	0	4	0	0	0	974032								False		ok	
KS-21-7_bathymetry_dmo	4	0	4	0	0	0	1027228								False		ok	
KS-21-8_bathymetry_dmo	4	0	4	0	0	0	1047350								False		ok	
KS-21-9_bathymetry_dmo	4	0	4	0	0	0	1015696								False		ok	
KS-21-J03_bathymetry_dmo	4	0	4	0	0	0	1039531								False		ok	
KS-21-J04_bathymetry_dmo	4	0	4	0	0	0	911953								False		ok	
KS-21-J05_bathymetry_dmo	4	0	4	0	0	0	1042051								False		ok	
KS-22-10_bathymetry_dmo	4	0	4	0	0	0	1002816								False		ok	
KS-22-12_bathymetry_dmo	4	0	4	0	0	0	983716								False		ok	
KS-22-2_bathymetry_dmo	4	0	4	0	0	0	878928								False		ok	
KS-22-3_bathymetry_dmo	4	0	4	0	0	0	1062659								False		ok	
KS-22-4_bathymetry_dmo	4	0	4	0	0	0	1034802								False		ok	
KS-22-8_bathymetry_dmo	4	0	4	0	0	0	1019505								False		ok	
KS-22-9_bathymetry_dmo	4	0	4	0	0	0	1037697								False		ok	
KS-22-J01_leg1_bathymetry_dmo	4	0	4	0	0	0	881869								False		ok	
KS-22-J01_leg2_bathymetry_dmo	4	0	4	0	0	0	851249								False		ok	
KS-22-J02C_bathymetry_dmo	4	0	4	0	0	0	1040902								False		ok	
KS-22-J03_bathymetry_dmo	4	0	4	0	0	0	1040122								False		ok	
KS-22-J04C_bathymetry_dmo	4	0	4	0	0	0	1040060								False		ok	
KS-22-J05_leg1_bathymetry_dmo	4	0	4	0	0	0	962128								False		ok	
KS-22-J06_leg1_bathymetry_dmo	4	0	4	0	0	0	1041639								False		ok	
KY00-02_bathymetry_dmo	4	0	4	0	0	0	1487709								False		ok	
KY00-05_bathymetry_dmo	4	0	4	0	0	0	1662820								False		ok	
KY00-08_bathymetry_dmo	4	0	4	0	0	0	1714197								False		ok	
KY00-09_bathymetry_dmo	4	0	4	0	0	0	1394577								False		ok	
KY00-10_bathymetry_dmo	4	0	4	0	0	0	1609104								False		ok	
KY00-11_bathymetry_dmo	4	0	4	0	0	0	1514682								False		ok	
KY00-12_leg1_bathymetry_dmo	4	0	4	0	0	0	1399309								False		ok	
KY00-12_leg2_bathymetry_dmo	4	0	4	0	0	0	1434013								False		ok	
KY01-02_leg1_bathymetry_dmo	4	0	4	0	0	0	1505442								False		ok	
KY01-02_leg2_bathymetry_dmo	4	0	4	0	0	0	1541846								False		ok	
KY01-06_leg1_bathymetry_dmo	4	0	4	0	0	0	1731594								False		ok	
KY01-06_leg2_bathymetry_dmo	4	0	4	0	0	0	1724628								False		ok	
KY01-10_bathymetry_dmo	4	0	4	0	0	0	1427482								False		ok	
KY01-11_leg2_bathymetry_dmo	4	0	4	0	0	0	1918425								False		ok	
KY02-01_bathymetry_dmo	4	0	4	0	0	0	1757153								False		ok	
KY02-02_bathymetry_dmo	4	0	4	0	0	0	1740204								False		ok	
KY02-08_bathymetry_dmo	4	0	4	0	0	0	1577367								False		ok	
KY02-09_leg1_bathymetry_dmo	4	0	4	0	0	0	1648157								False		ok	
KY02-09_leg2_bathymetry_dmo	4	0	4	0	0	0	1741555								False		ok	
KY02-10_leg1_bathymetry_dmo	4	0	4	0	0	0	1862700								False		ok	
KY02-10_leg2_bathymetry_dmo	4	0	4	0	0	0	1726387								False		ok	
KY02-11_leg1_bathymetry_dmo	4	0	4	0	0	0	1182438								False		ok	
KY02-11_leg2_bathymetry_dmo	4	0	4	0	0	0	1745270								False		ok	
KY02-11_leg3_bathymetry_dmo	4	0	4	0	0	0	1766193								False		ok	
KY02-12_bathymetry_dmo	4	0	4	0	0	0	1771743								False		ok	
KY03-01_leg1_bathymetry_dmo	4	0	4	0	0	0	1795658								False		ok	
KY03-01_leg2_bathymetry_dmo	4	0	4	0	0	0	1785277								False		ok	
KY03-05_bathymetry_dmo	4	0	4	0	0	0	1651975								False		ok	
KY03-06_leg1_bathymetry_dmo	4	0	4	0	0	0	1792225								False		ok	
KY03-06_leg2_bathymetry_dmo	4	0	4	0	0	0	1839243								False		ok	
KY03-07_bathymetry_dmo	4	0	4	0	0	0	1612110								False		ok	
KY03-08_bathymetry_dmo	4	0	4	0	0	0	1728422								False		ok	
KY03-09_bathymetry_dmo	4	0	4	0	0	0	1744536								False		ok	
KY03-10_bathymetry_dmo	4	0	4	0	0	0	1654876								False		ok	
KY03-11_bathymetry_dmo	4	0	4	0	0	0	1717223								False		ok	
KY03-13_bathymetry_dmo	4	0	4	0	0	0	1739940								False		ok	
KY03-14_bathymetry_dmo	4	0	4	0	0	0	1776435								False		ok	
KY03-ENG_bathymetry_dmo	4	0	4	0	0	0	1733141								False		ok	
KY04-01_leg1_bathymetry_dmo	4	0	4	0	0	0	1752170								False		ok	
KY04-01_leg2_bathymetry_dmo	4	0	4	0	0	0	1830500								False		ok	
KY04-02_bathymetry_dmo	4	0	4	0	0	0	1754684								False		ok	
KY04-03_bathymetry_dmo	4	0	4	0	0	0	1605829								False		ok	
KY04-04_bathymetry_dmo	4	0	4	0	0	0	1647147								False		ok	
KY04-05_bathymetry_dmo	4	0	4	0	0	0	1628678								False		ok	
KY04-06_bathymetry_dmo	4	0	4	0	0	0	1707790								False		ok	
KY04-07_leg1_bathymetry_dmo	4	0	4	0	0	0	1436655								False		ok	
KY04-07_leg2_bathymetry_dmo	11	7	4	0	7	0	82955214	143.923505	144.870666	41.097294	42.048625	6.3	7619.9	positive	False	KY04-07	ok	
KY04-08_leg1_bathymetry_dmo	4	0	4	0	0	0	1626881								False		ok	
KY04-08_leg2_bathymetry_dmo	4	0	4	0	0	0	1622367								False		ok	
KY04-09_bathymetry_dmo	4	0	4	0	0	0	1623416								False		ok	
KY04-10_bathymetry_dmo	4	0	4	0	0	0	1654231								False		ok	
KY04-11_bathymetry_dmo	4	0	4	0	0	0	1747728								False		ok	
KY04-12_bathymetry_dmo	4	0	4	0	0	0	1722032								False		ok	
KY04-13_leg1_bathymetry_dmo	4	0	4	0	0	0	1704001								False		ok	
KY04-14_bathymetry_dmo	4	0	4	0	0	0	1697360								False		ok	
KY05-01_bathymetry_dmo	4	0	4	0	0	0	1757198								False		ok	
KY05-02_bathymetry_dmo	4	0	4	0	0	0	1669103								False		ok	
KY05-03_bathymetry_dmo	4	0	4	0	0	0	1737345								False		ok	
KY05-04_bathymetry_dmo	4	0	4	0	0	0	1573555								False		ok	
KY05-05_bathymetry_dmo	4	0	4	0	0	0	1366513								False		ok	
KY05-06_bathymetry_dmo	4	0	4	0	0	0	1645589								False		ok	
KY05-07_bathymetry_dmo	4	0	4	0	0	0	1629776								False		ok	
KY05-08_bathymetry_dmo	10	6	4	0	6	0	58656533	137.857375	138.298808	37.229818	38.014033	123.3	1836.3	positive	False	KY05-08	ok	
KY05-10_bathymetry_dmo	4	0	4	0	0	0	1660760								False		ok	
KY05-11_bathymetry_dmo	4	0	4	0	0	0	1541375								False		ok	
KY05-14_leg2_bathymetry_dmo	4	0	4	0	0	0	1701000								False		ok	
KY05-14_leg3_bathymetry_dmo	4	0	4	0	0	0	1746542								False		ok	
KY05-ENG_bathymetry_dmo	4	0	4	0	0	0	1517670								False		ok	
KY06-01_leg1_bathymetry_dmo	4	0	4	0	0	0	1531564								False		ok	
KY06-01_leg2_bathymetry_dmo	4	0	4	0	0	0	1453895								False		ok	
KY06-02_bathymetry_dmo	4	0	4	0	0	0	1735623								False		ok	
KY06-03_leg1_bathymetry_dmo	4	0	4	0	0	0	1702578								False		ok	
KY06-04_bathymetry_dmo	4	0	4	0	0	0	1709538								False		ok	
KY06-05_bathymetry_dmo	4	0	4	0	0	0	1612546								False		ok	
KY06-06_bathymetry_dmo	4	0	4	0	0	0	1481885								False		ok	
KY06-07_bathymetry_dmo	4	0	4	0	0	0	1728237								False		ok	
KY06-08_bathymetry_dmo	4	0	4	0	0	0	1664504								False		ok	
KY06-09_bathymetry_dmo	4	0	4	0	0	0	1653827								False		ok	
KY06-10_bathymetry_dmo	4	0	4	0	0	0	1641205								False		ok	
KY06-11_bathymetry_dmo	4	0	4	0	0	0	1625074								False		ok	
KY06-12_bathymetry_dmo	4	0	4	0	0	0	1633055								False		ok	
KY06-13_leg1_bathymetry_dmo	4	0	4	0	0	0	1760074								False		ok	
KY06-13_leg2_bathymetry_dmo	4	0	4	0	0	0	1702164								False		ok	
KY06-14_bathymetry_dmo	4	0	4	0	0	0	1643528								False		ok	
KY07-01_bathymetry_dmo	4	0	4	0	0	0	1651047								False		ok	
KY07-02_bathymetry_dmo	4	0	4	0	0	0	1597108								False		ok	
KY07-03_bathymetry_dmo	4	0	4	0	0	0	1760981								False		ok	
KY07-04_bathymetry_dmo	4	0	4	0	0	0	1509896								False		ok	
KY07-05_leg1_bathymetry_dmo	4	0	4	0	0	0	1734375								False		ok	
KY07-06_leg2_bathymetry_dmo	4	0	4	0	0	0	1307006								False		ok	
KY07-07_bathymetry_dmo	4	0	4	0	0	0	1792476								False		ok	
KY07-08_bathymetry_dmo	4	0	4	0	0	0	1707260								False		ok	
KY07-09_bathymetry_dmo	4	0	4	0	0	0	1639389								False		ok	
KY07-11_bathymetry_dmo	4	0	4	0	0	0	1746771								False		ok	
KY07-12_bathymetry_dmo	4	0	4	0	0	0	1722434								False		ok	
KY07-14_bathymetry_dmo	4	0	4	0	0	0	1618969								False		ok	
KY07-15_bathymetry_dmo	4	0	4	0	0	0	1656722								False		ok	
KY08-01_leg2_bathymetry_dmo	4	0	4	0	0	0	1687482								False		ok	
KY08-01_leg3_bathymetry_dmo	4	0	4	0	0	0	1748834								False		ok	
KY08-02_bathymetry_dmo	4	0	4	0	0	0	1677334								False		ok	
KY08-03_leg1_bathymetry_dmo	4	0	4	0	0	0	1507168								False		ok	
KY08-03_leg2_bathymetry_dmo	4	0	4	0	0	0	1327107								False		ok	
KY08-03_leg3_bathymetry_dmo	4	0	4	0	0	0	1306040								False		ok	
KY08-04_bathymetry_dmo	4	0	4	0	0	0	1624574								False		ok	
KY08-05_bathymetry_dmo	4	0	4	0	0	0	1724382								False		ok	
KY08-06_bathymetry_dmo	4	0	4	0	0	0	1732449								False		ok	
KY08-08_bathymetry_dmo	4	0	4	0	0	0	1737305								False		ok	
KY08-11_bathymetry_dmo	4	0	4	0	0	0	1706613								False		ok	
KY08-E03_bathymetry_dmo	4	0	4	0	0	0	1606824								False		ok	
KY08-E04_bathymetry_dmo	4	0	4	0	0	0	1591020								False		ok	
KY09-01_leg1_bathymetry_dmo	4	0	4	0	0	0	1975056								False		ok	
KY09-01_leg2_bathymetry_dmo	4	0	4	0	0	0	1788634								False		ok	
KY09-01_leg3_bathymetry_dmo	4	0	4	0	0	0	1978759								False		ok	
KY09-02_bathymetry_dmo	4	0	4	0	0	0	1690495								False		ok	
KY09-03_bathymetry_dmo	4	0	4	0	0	0	1529282								False		ok	
KY09-04_bathymetry_dmo	4	0	4	0	0	0	1720855								False		ok	
KY09-05_bathymetry_dmo	4	0	4	0	0	0	1575240								False		ok	
KY09-06_bathymetry_dmo	4	0	4	0	0	0	1672636								False		ok	
KY09-07_bathymetry_dmo	4	0	4	0	0	0	1645036								False		ok	
KY09-08_leg1_bathymetry_dmo	4	0	4	0	0	0	1628578								False		ok	
KY09-08_leg2_bathymetry_dmo	4	0	4	0	0	0	1631567								False		ok	
KY09-09_leg1_bathymetry_dmo	4	0	4	0	0	0	1439797								False		ok	
KY09-09_leg2_bathymetry_dmo	4	0	4	0	0	0	1919051								False		ok	
KY09-10_bathymetry_dmo	4	0	4	0	0	0	1639613								False		ok	
KY09-E01_bathymetry_dmo	4	0	4	0	0	0	1655223								False		ok	
KY10-01_bathymetry_dmo	4	0	4	0	0	0	1500140								False		ok	
KY10-02_bathymetry_dmo	4	0	4	0	0	0	1639108								False		ok	
KY10-03_bathymetry_dmo	4	0	4	0	0	0	1718327								False		ok	
KY10-04_bathymetry_dmo	4	0	4	0	0	0	1376265								False		ok	
KY10-05_bathymetry_dmo	4	0	4	0	0	0	1817661								False		ok	
KY10-06_bathymetry_dmo	4	0	4	0	0	0	1713782								False		ok	
KY10-07_bathymetry_dmo	4	0	4	0	0	0	1738848								False		ok	
KY10-08_leg1_bathymetry_dmo	4	0	4	0	0	0	1332339								False		ok	
KY10-10_bathymetry_dmo	4	0	4	0	0	0	1518038								False		ok	
KY10-11_leg1_bathymetry_dmo	4	0	4	0	0	0	1319578								False		ok	
KY10-11_leg2_bathymetry_dmo	4	0	4	0	0	0	1338342								False		ok	
KY10-12_bathymetry_dmo	4	0	4	0	0	0	1681348								False		ok	
KY10-13_bathymetry_dmo	4	0	4	0	0	0	1847899								False		ok	
KY10-14_bathymetry_dmo	4	0	4	0	0	0	1319308								False		ok	
KY10-15_bathymetry_dmo	4	0	4	0	0	0	1528276								False		ok	
KY11-01_leg1_bathymetry_dmo	4	0	4	0	0	0	1391714								False		ok	
KY11-02_leg1_bathymetry_dmo	12	8	4	0	8	0	147893895	127.65214	139.667025	25.44675	35.072634	218.18	7066.5	positive	True	KY11-02	ok	
KY11-02_leg2_bathymetry_dmo	4	0	4	0	0	0	1554553								False		ok	
KY11-02_leg3_bathymetry_dmo	4	0	4	0	0	0	1250153								False		ok	
KY11-02_leg4_bathymetry_dmo	4	0	4	0	0	0	1772515								False		ok	
KY11-03_bathymetry_dmo	4	0	4	0	0	0	1737868								False		ok	
KY11-06_leg1_bathymetry_dmo	4	0	4	0	0	0	1732096								False		ok	
KY11-06_leg2_bathymetry_dmo	4	0	4	0	0	0	1314834								False		ok	
KY11-07_leg1_bathymetry_dmo	4	0	4	0	0	0	1698739								False		ok	
KY11-07_leg2_bathymetry_dmo	4	0	4	0	0	0	1388452								False		ok	
KY11-08_bathymetry_dmo	4	0	4	0	0	0	1700498								False		ok	
KY11-09_bathymetry_dmo	4	0	4	0	0	0	1328482								False		ok	
KY11-10_bathymetry_dmo	4	0	4	0	0	0	1364519								False		ok	
KY11-11_bathymetry_dmo	4	0	4	0	0	0	1691260								False		ok	
KY11-E02_bathymetry_dmo	4	0	4	0	0	0	1627297								False		ok	
KY11-E05_bathymetry_dmo	4	0	4	0	0	0	1534810								False		ok	
KY11-E06_bathymetry_dmo	4	0	4	0	0	0	1366749								False		ok	
KY11-E07_bathymetry_dmo	4	0	4	0	0	0	1596346								False		ok	
KY12-01_leg1_bathymetry_dmo	4	0	4	0	0	0	1785478								False		ok	
KY12-01_leg2_bathymetry_dmo	11	7	4	0	7	0	105644217	134.21694	136.98634	32.590587	34.223434	213.68	10962.3	positive	True	KY12-01	ok	
KY12-02_bathymetry_dmo	4	0	4	0	0	0	1758825								False		ok	
KY12-06_bathymetry_dmo	4	0	4	0	0	0	1713788								False		ok	
KY12-07_bathymetry_dmo	4	0	4	0	0	0	1704240								False		ok	
KY12-08_bathymetry_dmo	33	29	4	0	29	0	437893726	89.964151	139.41819	-8.107449	34.930489	11.32	10934.3	positive	True	KY12-08	ok	
KY12-09_bathymetry_dmo	4	0	4	0	0	0	1669451								False		ok	
KY12-10_bathymetry_dmo	4	0	4	0	0	0	1645603								False		ok	
KY12-11_bathymetry_dmo	4	0	4	0	0	0	1372683								False		ok	
KY12-12_leg1_bathymetry_dmo	4	0	4	0	0	0	1376556								False		ok	
KY12-12_leg2_bathymetry_dmo	4	0	4	0	0	0	1363570								False		ok	
KY12-13_bathymetry_dmo	4	0	4	0	0	0	1621718								False		ok	
KY12-14_bathymetry_dmo	4	0	4	0	0	0	1720746								False		ok	
KY12-15_bathymetry_dmo	4	0	4	0	0	0	1709336								False		ok	
KY12-16_bathymetry_dmo	4	0	4	0	0	0	1653256								False		ok	
KY13-01_bathymetry_dmo	4	0	4	0	0	0	1370754								False		ok	
KY13-02_bathymetry_dmo	4	0	4	0	0	0	1537160								False		ok	
KY13-03_bathymetry_dmo	4	0	4	0	0	0	1462772								False		ok	
KY13-06_bathymetry_dmo	4	0	4	0	0	0	1714156								False		ok	
KY13-07_bathymetry_dmo	4	0	4	0	0	0	1503510								False		ok	
KY13-08_leg1_bathymetry_dmo	4	0	4	0	0	0	1779755								False		ok	
KY13-08_leg2_bathymetry_dmo	4	0	4	0	0	0	1783872								False		ok	
KY13-09_bathymetry_dmo	4	0	4	0	0	0	1502545								False		ok	
KY13-10_bathymetry_dmo	4	0	4	0	0	0	1473818								False		ok	
KY13-11_bathymetry_dmo	4	0	4	0	0	0	1686844								False		ok	
KY13-13_bathymetry_dmo	4	0	4	0	0	0	1460990								False		ok	
KY13-14_leg1_bathymetry_dmo	4	0	4	0	0	0	1519818								False		ok	
KY13-15_bathymetry_dmo	4	0	4	0	0	0	1495401								False		ok	
KY13-16_bathymetry_dmo	4	0	4	0	0	0	1612579								False		ok	
KY13-17_bathymetry_dmo	4	0	4	0	0	0	1761666								False		ok	
KY13-E02_bathymetry_dmo	4	0	4	0	0	0	1763380								False		ok	
KY13-E05_bathymetry_dmo	4	0	4	0	0	0	1533572								False		ok	
KY14-01_bathymetry_dmo	4	0	4	0	0	0	1762022								False		ok	
KY14-02_bathymetry_dmo	4	0	4	0	0	0	1293631								False		ok	
KY14-03_bathymetry_dmo	14	10	4	0	10	0	136158624	123.383131	137.364286	23.546066	34.107065	77.693	4775.776	positive	True	KY14-03	ok	
KY14-04_bathymetry_dmo	4	0	4	0	0	0	1768687								False		ok	
KY14-05_bathymetry_dmo	4	0	4	0	0	0	1476518								False		ok	
KY14-06_bathymetry_dmo	4	0	4	0	0	0	1467833								False		ok	
KY14-07_bathymetry_dmo	4	0	4	0	0	0	1646227								False		ok	
KY14-08_bathymetry_dmo	4	0	4	0	0	0	1703081								False		ok	
KY14-09_bathymetry_dmo	4	0	4	0	0	0	1626189								False		ok	
KY14-11_leg1_bathymetry_dmo	4	0	4	0	0	0	1745463								False		ok	
KY14-11_leg2_bathymetry_dmo	4	0	4	0	0	0	1739103								False		ok	
KY14-13_bathymetry_dmo	4	0	4	0	0	0	1557770								False		ok	
KY14-14_leg1_bathymetry_dmo	4	0	4	0	0	0	1345793								False		ok	
KY14-14_leg2_bathymetry_dmo	4	0	4	0	0	0	1494899								False		ok	
KY14-16_bathymetry_dmo	4	0	4	0	0	0	1541970								False		ok	
KY14-E02_leg1_bathymetry_dmo	4	0	4	0	0	0	1654145								False		ok	
KY14-E02_leg2_bathymetry_dmo	4	0	4	0	0	0	1639851								False		ok	
KY15-01_bathymetry_dmo	4	0	4	0	0	0	1713385								False		ok	
KY15-02_bathymetry_dmo	4	0	4	0	0	0	1353572								False		ok	
KY15-03_bathymetry_dmo	4	0	4	0	0	0	1308044								False		ok	
KY15-07_bathymetry_dmo	4	0	4	0	0	0	1300233								False		ok	
KY15-08_bathymetry_dmo	4	0	4	0	0	0	1282294								False		ok	
KY15-11_bathymetry_dmo	4	0	4	0	0	0	1533576								False		ok	
KY15-12_bathymetry_dmo	4	0	4	0	0	0	1511325								False		ok	
KY15-14_bathymetry_dmo	4	0	4	0	0	0	1661704								False		ok	
KY15-15_bathymetry_dmo	4	0	4	0	0	0	1725117								False		ok	
KY15-E03_bathymetry_dmo	4	0	4	0	0	0	1714211								False		ok	
KY15-E04_bathymetry_dmo	4	0	4	0	0	0	1501815								False		ok	
MR00-K01_bathymetry_dmo	3	0	3	0	0	0	840655								False		ok	
MR00-K03_bathymetry_dmo	4	0	4	0	0	0	1584380								False		ok	
MR00-K04_bathymetry_dmo	4	0	4	0	0	0	1672965								False		ok	
MR00-K05_bathymetry_dmo	4	0	4	0	0	0	1585278								False		ok	
MR00-K06_bathymetry_dmo	3	0	3	0	0	0	888111								False		ok	
MR00-K07_leg1_bathymetry_dmo	4	0	4	0	0	0	1911529								False		ok	
MR00-K07_leg2_bathymetry_dmo	4	0	4	0	0	0	1684308								False		ok	
MR00-K07_leg3_bathymetry_dmo	4	0	4	0	0	0	1765844								False		ok	
MR00-K07_leg4_bathymetry_dmo	10	6	4	0	6	0	122273283	134.291757	139.162452	8.027925	33.480738	338.9	9991.0	positive	False	MR00-K07	ok	
MR00-K08_bathymetry_dmo	4	0	4	0	0	0	1425224								False		ok	
MR01-K02_bathymetry_dmo	4	0	4	0	0	0	1551023								False		ok	
MR01-K03_bathymetry_dmo	4	0	4	0	0	0	1634474								False		ok	
MR01-K04_leg1_bathymetry_dmo	4	0	4	0	0	0	1441377								False		ok	
MR01-K04_leg2_bathymetry_dmo	4	0	4	0	0	0	1290152								False		ok	
MR01-K05_leg1_bathymetry_dmo	4	0	4	0	0	0	1902362								False		ok	
MR01-K05_leg2_bathymetry_dmo	4	0	4	0	0	0	1838709								False		ok	
MR01-K05_leg3_bathymetry_dmo	4	0	4	0	0	0	1512208								False		ok	
MR01-K05_leg4_bathymetry_dmo	4	0	4	0	0	0	1798368								False		ok	
MR02-K02_bathymetry_dmo	4	0	4	0	0	0	1840994								False		ok	
MR02-K03_bathymetry_dmo	4	0	4	0	0	0	1720652								False		ok	
MR02-K04_leg2_bathymetry_dmo	4	0	4	0	0	0	1847767								False		ok	
MR02-K05_leg2_bathymetry_dmo	4	0	4	0	0	0	1386577								False		ok	
MR02-K06_leg1_bathymetry_dmo	4	0	4	0	0	0	1849274								False		ok	
MR02-K06_leg2_bathymetry_dmo	4	0	4	0	0	0	1768606								False		ok	
MR02-K06_leg3_bathymetry_dmo	4	0	4	0	0	0	1336348								False		ok	
MR02-K06_leg4_bathymetry_dmo	4	0	4	0	0	0	1302297								False		ok	
MR03-K02_bathymetry_dmo	18	14	4	0	14	0	265313447	139.904854	171.753904	9.541129	34.805869	350.27	10091.0	positive	False	MR03-K02	ok	
MR03-K03_leg2_bathymetry_dmo	4	0	4	0	0	0	1848873								False		ok	
MR03-K04_leg1_bathymetry_dmo	4	0	4	0	0	0	1326222								False		ok	
MR03-K04_leg2_bathymetry_dmo	4	0	4	0	0	0	1636283								False		ok	
MR03-K04_leg3_bathymetry_dmo	4	0	4	0	0	0	1534611								False		ok	
MR03-K04_leg4_bathymetry_dmo	4	0	4	0	0	0	1280764								False		ok	
MR03-K04_leg5_bathymetry_dmo	4	0	4	0	0	0	1682366								False		ok	
MR03-K04_leg6_bathymetry_dmo	4	0	4	0	0	0	1525709								False		ok	
MR04-01_bathymetry_dmo	4	0	4	0	0	0	1664052								False		ok	
MR04-02_bathymetry_dmo	4	0	4	0	0	0	1734014								False		ok	
MR04-03_leg1_bathymetry_dmo	4	0	4	0	0	0	1874305								False		ok	
MR04-03_leg2_bathymetry_dmo	4	0	4	0	0	0	1697384								False		ok	
MR04-04_bathymetry_dmo	4	0	4	0	0	0	1323944								False		ok	
MR04-05_bathymetry_dmo	4	0	4	0	0	0	1405449								False		ok	
MR04-06_bathymetry_dmo	4	0	4	0	0	0	1288169								False		ok	
MR04-07_bathymetry_dmo	4	0	4	0	0	0	1793214								False		ok	
MR04-08_leg1_bathymetry_dmo	4	0	4	0	0	0	1692294								False		ok	
MR04-08_leg2_bathymetry_dmo	4	0	4	0	0	0	1888604								False		ok	
MR05-01_bathymetry_dmo	4	0	4	0	0	0	1659225								False		ok	
MR05-02_bathymetry_pi	4	0	4	0	0	0	1846647								False		ok	
MR05-03_leg1_bathymetry_dmo	4	0	4	0	0	0	1897653								False		ok	
MR05-03_leg2_bathymetry_dmo	4	0	4	0	0	0	1756760								False		ok	
MR05-03_leg3_bathymetry_dmo	4	0	4	0	0	0	1827865								False		ok	
MR05-04_bathymetry_dmo	4	0	4	0	0	0	1669927								False		ok	
MR05-05_leg1_bathymetry_pi	17	0	4	13	0	0	88203320								False		ok	
MR05-05_leg2_bathymetry_pi	17	0	4	13	0	0	87935502								False		ok	
MR05-05_leg3_bathymetry_pi	17	0	4	13	0	0	88228053								False		ok	
MR06-01_bathymetry_dmo	4	0	4	0	0	0	1848394								False		ok	
MR06-03_leg1_bathymetry_dmo	4	0	4	0	0	0	1630473								False		ok	
MR06-03_leg2_bathymetry_dmo	4	0	4	0	0	0	1530277								False		ok	
MR06-04_leg1_bathymetry_dmo	4	0	4	0	0	0	1735368								False		ok	
MR06-04_leg2_bathymetry_dmo	4	0	4	0	0	0	1367154								False		ok	
MR06-05_leg1_bathymetry_dmo	4	0	4	0	0	0	1854945								False		ok	
MR06-05_leg2_bathymetry_dmo	4	0	4	0	0	0	1608498								False		ok	
MR06-05_leg3_bathymetry_dmo	4	0	4	0	0	0	1835681								False		ok	
MR07-01_bathymetry_dmo	4	0	4	0	0	0	1822427								False		ok	
MR07-03_bathymetry_dmo	4	0	4	0	0	0	1910467								False		ok	
MR07-04_bathymetry_pi	4	0	4	0	0	0	1770584								False		ok	
MR07-05_bathymetry_dmo	4	0	4	0	0	0	1329964								False		ok	
MR07-06_leg1_bathymetry_pi	4	0	4	0	0	0	1368958								False		ok	
